Unnamed: 0,Company,TypeName,Inches,Price
0,Apple,Ultrabook,13.3,71378.6832
1,Apple,Ultrabook,13.3,47895.5232
2,HP,Notebook,15.6,30636
3,Apple,Ultrabook,15.4,135195.336
4,Apple,Ultrabook,13.3,96095.808
5,Acer,Notebook,15.6,21312
6,Apple,Ultrabook,15.4,114017.6016
7,Apple,Ultrabook,13.3,61735.536
8,Asus,Ultrabook,14,79653.6
9,Acer,Ultrabook,14,41025.6
10,HP,Notebook,15.6,20986.992
11,HP,Notebook,15.6,18381.0672
12,Apple,Ultrabook,15.4,130001.6016
13,Dell,Notebook,15.6,26581.392
14,Apple,Ultrabook,12,67260.672
15,Apple,Ultrabook,13.3,80908.344
16,Dell,Notebook,15.6,39693.6
17,Apple,Ultrabook,15.4,152274.24
18,Lenovo,Notebook,15.6,26586.72
19,Dell,Ultrabook,13.3,52161.12
21,Lenovo,Gaming,15.6,53226.72
22,HP,Notebook,15.6,13746.24
23,Dell,2 in 1 Convertible,13.3,43636.32
24,HP,Ultrabook,15.6,35111.52
25,Dell,Notebook,15.6,22305.1392
26,Apple,Ultrabook,13.3,58554.72
27,Dell,Notebook,15.6,42624
28,Dell,Ultrabook,15.6,69157.44
29,HP,Notebook,17.3,47738.88
30,Chuwi,Notebook,15.6,13053.0672
31,Asus,Notebook,14,10602.72
32,HP,Notebook,17.3,23389.92
33,Dell,Ultrabook,13.3,99580.32
34,Apple,Ultrabook,13.3,53173.44
35,Lenovo,Notebook,14,13266.72
36,Acer,Notebook,15.6,19553.76
37,Dell,Notebook,17.3,52161.12
38,HP,Notebook,15.6,26037.4032
39,HP,Notebook,15.6,46833.12
40,Asus,Notebook,15.6,20725.92
41,Dell,Gaming,15.6,79866.72
42,Asus,Notebook,15.6,27864.9072
43,Acer,Notebook,15.6,36336.96
44,Dell,2 in 1 Convertible,17.3,53226.72
45,Apple,Ultrabook,13.3,75604.32
47,Asus,Gaming,17.3,69210.72
48,Dell,Notebook,15.6,34045.92
49,Asus,Notebook,17.3,24828.48
51,Acer,Notebook,15.6,44808.48
52,HP,Notebook,15.6,21231.5472
53,HP,Notebook,13.3,58767.84
54,Acer,Notebook,15.6,20459.52
55,Dell,Notebook,15.6,40908.384
56,HP,Notebook,15.6,23389.92
57,Asus,Notebook,15.6,31232.2032
58,MSI,Gaming,17.3,130482.72
59,Asus,Notebook,15.6,22111.2
60,Dell,Notebook,17.3,69210.72
61,Dell,Ultrabook,14,46833.12
62,Lenovo,Notebook,14,31914.72
63,Asus,Notebook,14,50136.48
64,HP,Notebook,15.6,36763.2
65,Asus,Ultrabook,15.6,105654.24
66,HP,Notebook,15.6,23373.4032
67,HP,Notebook,14,12201.12
68,Lenovo,Notebook,15.6,29250.72
69,Asus,Gaming,17.3,50562.72
70,Microsoft,Ultrabook,13.5,58021.92
71,Dell,Ultrabook,13.3,50882.4
72,Dell,Notebook,15.6,46353.6
73,MSI,Gaming,17.3,58341.6
74,Acer,Notebook,14,20725.92
75,Asus,Gaming,15.6,50562.72
76,Lenovo,Notebook,15.6,27652.32
77,Dell,Notebook,15.6,45554.4
78,Acer,Notebook,15.6,28238.4
79,HP,Notebook,17.3,52054.56
80,Dell,Ultrabook,15.6,58403.4048
81,Apple,Ultrabook,12,80452.8
82,HP,Notebook,14,45820.8
83,Lenovo,Notebook,15.6,21258.72
84,Acer,Notebook,15.6,21045.6
85,Dell,Gaming,15.6,71874.72
86,HP,Ultrabook,15.6,37242.72
87,HP,Notebook,15.6,31914.1872
88,Asus,Gaming,15.6,77202.72
89,Dell,Ultrabook,13.3,87858.72
90,Asus,Gaming,15.6,37242.72
91,Acer,Notebook,15.6,36709.92
92,HP,Notebook,13.3,63776.16
93,Dell,Gaming,15.6,63669.6
94,Asus,Ultrabook,14,55890.72
95,Acer,2 in 1 Convertible,13.3,45128.16
96,Dell,Notebook,15.6,31962.672
97,Dell,Notebook,15.6,25840.8
98,Asus,Notebook,15.6,30742.56
99,HP,Gaming,15.6,66546.72
100,HP,Notebook,15.6,38308.32
101,HP,Notebook,15.6,18594.72
102,Dell,Notebook,15.6,34472.16
103,HP,Ultrabook,13.3,59620.32
104,Microsoft,Ultrabook,13.5,71395.2
105,HP,Notebook,14,35111.52
106,Lenovo,Notebook,15.6,22105.872
107,Asus,Ultrabook,14,63563.04
108,MSI,Gaming,15.6,69210.72
109,Lenovo,Notebook,14,78854.4
110,Asus,Ultrabook,15.6,67239.36
111,Dell,Ultrabook,13.3,73473.12
112,Lenovo,2 in 1 Convertible,13.3,74538.72
113,HP,Notebook,14,38468.16
114,Dell,Ultrabook,13.3,86793.12
116,HP,Notebook,14,57755.52
117,Dell,Notebook,15.6,60223.9824
118,Asus,Notebook,17.3,30049.92
119,Asus,Notebook,15.6,59567.04
120,Acer,Notebook,15.6,25521.12
121,MSI,Gaming,15.6,119427.12
122,Lenovo,Notebook,15.6,33513.12
123,HP,Notebook,17.3,67718.88
124,Acer,Notebook,15.6,24029.28
126,HP,Notebook,14,43263.36
127,Asus,Notebook,14,14811.3072
128,Dell,Notebook,17.3,74378.88
129,HP,Notebook,17.3,49443.84
130,Dell,Notebook,15.6,34045.3872
131,Dell,Notebook,15.6,23922.72
132,Acer,Ultrabook,14,47099.52
133,Acer,Notebook,15.6,30476.16
134,HP,Notebook,15.6,31861.44
135,HP,Notebook,14,52640.64
136,Lenovo,Notebook,15.6,13445.7408
137,Asus,Gaming,17.3,49976.64
138,Lenovo,Notebook,15.6,26586.72
139,HP,Notebook,13.3,37242.72
140,Acer,Notebook,17.3,34898.4
141,Lenovo,Notebook,14,59461.5456
142,Lenovo,Gaming,15.6,46300.32
143,Toshiba,Notebook,15.6,32074.56
144,HP,Notebook,15.6,19660.32
145,Asus,Ultrabook,14,58554.72
146,HP,Ultrabook,12.5,107305.92
147,Asus,Notebook,15.6,18328.32
149,Acer,Notebook,15.6,23816.16
150,Dell,Gaming,15.6,66560.5728
151,Dell,Gaming,15.6,47898.72
152,Lenovo,Notebook,15.6,26533.44
153,MSI,Gaming,17.3,100699.2
154,HP,Ultrabook,14,57648.96
155,HP,Notebook,15.6,32980.32
156,Lenovo,2 in 1 Convertible,14,33513.12
157,Asus,2 in 1 Convertible,13.3,70063.2
158,Dell,2 in 1 Convertible,15.6,55890.72
159,Toshiba,Notebook,15.6,23816.16
160,Asus,Notebook,15.6,21471.84
161,Acer,Notebook,17.3,42890.4
162,Dell,Notebook,15.6,38787.84
163,Lenovo,Gaming,15.6,57489.12
164,Acer,Notebook,15.6,18541.44
165,MSI,Gaming,15.6,95850.72
166,Acer,Notebook,15.6,19367.8128
167,Dell,Gaming,15.6,56502.9072
168,Acer,Notebook,17.3,45501.12
169,HP,Notebook,13.3,40173.12
170,Huawei,Ultrabook,13,71874.72
171,HP,Notebook,17.3,37242.72
172,Lenovo,Notebook,15.6,16463.52
173,Toshiba,Notebook,15.6,26053.92
174,HP,Notebook,17.3,49177.44
175,Dell,Notebook,15.6,24455.52
176,Acer,Notebook,15.6,23922.72
177,MSI,Gaming,18.4,149130.72
178,Lenovo,Notebook,15.6,43316.64
179,HP,2 in 1 Convertible,13.3,79866.72
180,Dell,Notebook,15.6,55890.72
181,Dell,Ultrabook,13.3,74538.72
182,Lenovo,2 in 1 Convertible,13.9,98514.72
183,Toshiba,Notebook,15.6,42251.04
184,Xiaomi,Notebook,15.6,63882.72
185,Dell,Notebook,17.3,82530.72
186,Dell,Notebook,15.6,127712.16
187,Lenovo,Gaming,15.6,41505.12
188,Acer,Ultrabook,13.3,52693.92
189,Dell,Notebook,17.3,57808.8
191,Vero,Notebook,14,13852.8
192,Xiaomi,Ultrabook,13.3,53274.672
193,Lenovo,Notebook,17.3,37189.44
194,Dell,2 in 1 Convertible,13.3,44701.92
195,HP,Notebook,17.3,48697.92
196,Razer,Gaming,17.3,324954.72
197,HP,Notebook,13.3,51095.52
198,HP,Gaming,17.3,73473.12
199,HP,Notebook,17.3,55677.6
200,Dell,Gaming,15.6,98301.6
201,Lenovo,Notebook,15.6,26267.04
202,Acer,Notebook,15.6,39533.76
203,Lenovo,Gaming,15.6,93186.72
204,Dell,Workstation,15.6,162770.4
205,Lenovo,Gaming,15.6,74485.44
206,Dell,Notebook,15.6,23389.92
207,Dell,Ultrabook,13.3,103842.72
208,Dell,Ultrabook,13.3,77202.72
210,Acer,Notebook,15.6,41505.12
211,Asus,Gaming,17.3,74964.96
212,HP,Notebook,15.6,18594.72
213,Lenovo,Notebook,15.6,29250.72
214,Huawei,Ultrabook,13,79866.72
215,Dell,Ultrabook,13.3,49650.5664
216,Lenovo,Notebook,17.3,31381.92
217,HP,Notebook,14,54931.68
218,Dell,Ultrabook,14,61218.72
219,Dell,2 in 1 Convertible,13.3,68145.12
220,Dell,Notebook,15.6,36089.208
221,Lenovo,2 in 1 Convertible,14,47898.72
222,Toshiba,Ultrabook,13.3,72620.64
223,HP,Notebook,15.6,42304.32
224,Dell,Gaming,17.3,130873.7952
225,Acer,Notebook,15.6,44328.96
226,Dell,Notebook,15.6,45768.0528
227,Asus,Notebook,15.6,40972.32
228,Asus,Notebook,17.3,47472.48
229,HP,Notebook,15.6,67612.32
230,Asus,Notebook,15.6,21258.1872
231,HP,Notebook,15.6,17582.4
232,Lenovo,Gaming,15.6,79866.72
233,Dell,Notebook,14,45767.52
234,Acer,2 in 1 Convertible,13.3,36709.92
235,Dell,Notebook,15.6,47898.72
236,Acer,Notebook,15.6,20779.2
237,Asus,Notebook,15.6,30636
238,Asus,Gaming,17.3,207259.2
239,Acer,Gaming,15.6,45074.88
240,Lenovo,Notebook,15.6,31381.92
241,Asus,Notebook,17.3,61005.6
242,Asus,Notebook,17.3,47365.92
243,Dell,Gaming,15.6,46833.12
244,Lenovo,2 in 1 Convertible,13.9,57489.12
245,Dell,Notebook,15.6,52480.8
246,HP,Notebook,15.6,29783.52
247,Asus,Gaming,17.3,159786.72
248,HP,Notebook,13.3,35964
249,Apple,Ultrabook,13.3,108691.2
250,Dell,2 in 1 Convertible,15.6,43636.32
251,Asus,Gaming,17.3,95850.72
252,Asus,Notebook,15.6,24988.32
253,Lenovo,2 in 1 Convertible,13.9,98514.72
254,Acer,Notebook,17.3,37402.56
255,Dell,Ultrabook,13.3,50562.72
256,HP,Notebook,15.6,23757.552
257,HP,Notebook,17.3,56423.52
258,MSI,Gaming,17.3,133146.72
259,Lenovo,2 in 1 Convertible,15.6,90522.72
260,Dell,Notebook,17.3,60845.76
261,Lenovo,Notebook,15.6,23656.32
262,HP,Notebook,15.6,38468.16
263,Dell,Notebook,15.6,35004.96
264,Dell,Notebook,15.6,30103.2
265,Dell,2 in 1 Convertible,15.6,42570.72
266,Asus,2 in 1 Convertible,13.3,79866.72
268,HP,Notebook,17.3,54239.04
269,Lenovo,Notebook,15.6,46886.4
270,Apple,Ultrabook,13.3,104370.192
271,Asus,Gaming,17.3,82530.72
272,Dell,Notebook,15.6,39164.5296
273,Lenovo,2 in 1 Convertible,14,133146.72
274,Toshiba,Notebook,15.6,43263.36
275,Dell,Notebook,15.6,37992.3696
276,Dell,Notebook,17.3,58554.72
277,Acer,Notebook,15.6,39693.6
278,Lenovo,Notebook,17.3,26053.92
279,Lenovo,Notebook,17.3,45234.72
280,Lenovo,Notebook,17.3,45767.52
281,Dell,Notebook,15.6,22803.84
282,Lenovo,Gaming,15.6,44169.12
283,Lenovo,Notebook,15.6,30849.12
284,Acer,Notebook,15.6,50669.28
285,Acer,Notebook,15.6,35111.52
286,Lenovo,Notebook,15.6,58448.16
287,Asus,Ultrabook,15.6,52054.56
288,Lenovo,Gaming,15.6,62817.12
289,Lenovo,Notebook,15.6,35112.0528
290,Acer,Notebook,15.6,10602.72
291,Asus,Gaming,17.3,63243.36
292,HP,Notebook,17.3,26053.92
293,Dell,Notebook,15.6,97449.12
294,Lenovo,Notebook,15.6,39373.92
295,Lenovo,Gaming,15.6,69210.72
296,Acer,Notebook,15.6,52161.12
297,Dell,Workstation,17.3,153705.3408
298,Lenovo,Notebook,15.6,26586.72
299,Asus,Ultrabook,15.6,78215.04
300,Asus,Notebook,14,27119.52
301,Asus,Gaming,17.3,113060.16
302,Lenovo,Notebook,17.3,34578.72
303,Lenovo,Notebook,15.6,29250.72
304,Asus,Gaming,15.6,67399.2
305,Lenovo,Notebook,15.6,19180.2672
306,HP,2 in 1 Convertible,13.3,105228
307,Toshiba,Notebook,15.6,55571.04
308,Lenovo,Notebook,15.6,43636.32
309,HP,Notebook,15.6,24988.32
310,Lenovo,Notebook,13.3,53226.72
311,Dell,Ultrabook,13.3,133146.72
312,MSI,Gaming,15.6,111834.72
313,Acer,Notebook,15.6,24988.32
314,Asus,2 in 1 Convertible,11.6,14652
315,Dell,Notebook,15.6,44968.32
316,HP,2 in 1 Convertible,13.3,130482.72
317,Lenovo,Notebook,13.3,24503.472
318,HP,Notebook,14,52214.4
319,Acer,Notebook,11.6,25840.8
320,HP,Notebook,14,68837.76
321,Lenovo,Notebook,17.3,31381.92
322,Asus,Notebook,14,58288.32
323,HP,Notebook,15.6,48058.56
324,Acer,Notebook,15.6,35111.52
325,Lenovo,Notebook,14,15557.76
326,Acer,Notebook,15.6,29250.72
327,Asus,Ultrabook,15.6,55938.672
328,HP,Ultrabook,12.5,71128.8
329,Dell,Notebook,15.6,140605.92
330,MSI,Gaming,17.3,63882.72
331,Toshiba,Notebook,15.6,50243.04
332,Asus,Notebook,14,71075.52
333,Lenovo,Notebook,15.6,23922.72
334,Asus,Gaming,15.6,53226.72
335,HP,Notebook,14,67559.04
337,HP,Notebook,15.6,60952.32
338,Asus,Notebook,15.6,14651.4672
339,Dell,Notebook,15.6,60885.72
340,Dell,Notebook,15.6,14646.672
341,Lenovo,Notebook,15.6,47898.72
342,HP,Notebook,15.6,38148.48
343,Lenovo,2 in 1 Convertible,13.9,111834.72
344,Dell,Ultrabook,13.3,84129.12
345,Lenovo,Gaming,15.6,60153.12
346,HP,Notebook,14,14865.12
347,Dell,Ultrabook,15.6,85672.1088
348,Asus,2 in 1 Convertible,11.6,19980
349,Dell,Ultrabook,15.6,35324.64
351,HP,Notebook,15.6,69477.12
352,MSI,Gaming,17.3,75071.52
353,HP,Workstation,15.6,92615.0256
354,Toshiba,Notebook,15.6,74751.84
355,Dell,Notebook,15.6,51729.552
356,Lenovo,Notebook,15.6,17155.6272
357,Dell,Gaming,15.6,53226.72
358,Dell,Notebook,15.6,29696.6736
359,Dell,Notebook,14,76030.56
360,HP,Notebook,15.6,23389.92
361,Asus,Notebook,14,50349.6
362,Lenovo,Notebook,17.3,38308.32
363,HP,Notebook,15.6,34045.92
364,Lenovo,Notebook,15.6,26586.72
365,HP,Notebook,15.6,20725.92
366,Dell,Notebook,17.3,57808.8
367,Lenovo,Gaming,15.6,43103.52
368,Dell,Notebook,15.6,47898.72
369,HP,Ultrabook,14,93240
370,Asus,2 in 1 Convertible,15.6,58554.72
371,Acer,Notebook,15.6,22697.28
372,Asus,Gaming,17.3,117162.72
373,Lenovo,Notebook,17.3,26053.92
374,Dell,2 in 1 Convertible,13.3,46300.8528
375,HP,Notebook,15.6,26053.3872
376,Lenovo,Notebook,11.6,29463.84
377,Dell,Notebook,15.6,16463.52
378,Asus,Notebook,14,15238.08
379,Acer,Notebook,15.6,45074.88
380,HP,Gaming,17.3,63456.48
381,Lenovo,Notebook,15.6,21498.48
382,Asus,Gaming,15.6,88178.4
383,Lenovo,Notebook,14,58554.72
384,Asus,Ultrabook,13.3,93181.392
385,Lenovo,Ultrabook,14,121584.96
386,Lenovo,Notebook,13.3,29250.72
387,Dell,Workstation,15.6,72940.32
388,Dell,Workstation,15.6,113752.8
389,Lenovo,2 in 1 Convertible,14,133679.52
390,Asus,Gaming,17.3,55357.92
391,Asus,Gaming,17.3,84768.48
392,Acer,Notebook,15.6,36975.7872
393,MSI,Gaming,17.3,71874.72
394,Dell,Notebook,15.6,41498.1936
395,HP,Ultrabook,15.6,26586.72
396,Lenovo,Notebook,15.6,65510.9568
397,Lenovo,Notebook,14,49976.64
398,Dell,Workstation,15.6,144495.36
399,Lenovo,Ultrabook,14,139860
400,Lenovo,Notebook,15.6,16303.68
401,Asus,Gaming,17.3,81465.12
402,Lenovo,Notebook,25.6,60978.96
403,Acer,Notebook,15.6,46833.12
404,MSI,Gaming,17.3,119826.72
405,Asus,Ultrabook,14,99793.44
406,Toshiba,Ultrabook,13.3,93080.16
407,Dell,Ultrabook,14,89510.4
408,Lenovo,Notebook,35.6,21791.52
409,Lenovo,Notebook,11.6,16221.096
410,Lenovo,Workstation,15.6,102564
411,Lenovo,Ultrabook,14,103523.04
412,HP,Notebook,15.6,24988.32
413,Acer,2 in 1 Convertible,13.3,42038.4528
414,Asus,2 in 1 Convertible,13.3,49443.84
415,Dell,Notebook,15.6,31909.392
416,Dell,Notebook,13.3,36709.92
417,HP,Ultrabook,14,79920
418,Dell,Notebook,15.6,28768.536
419,Lenovo,Ultrabook,14,64755.4464
420,Lenovo,2 in 1 Convertible,15.6,101178.72
421,Chuwi,Notebook,12.3,23922.72
422,HP,Notebook,15.6,76030.56
423,Asus,Notebook,35.6,31808.16
424,Dell,Gaming,27.3,149130.72
425,Dell,Gaming,15.6,61751.52
426,Dell,Notebook,15.6,60867.072
427,Dell,Ultrabook,14,58554.72
428,HP,Gaming,17.3,106506.72
429,Mediacom,2 in 1 Convertible,11.6,15930.72
430,Samsung,Notebook,11.6,14332.32
431,Lenovo,Notebook,13.3,53812.8
432,Lenovo,Notebook,14,31914.72
433,Lenovo,Workstation,15.6,130269.6
434,Lenovo,Notebook,15.6,130482.72
435,Asus,Gaming,17.3,90309.6
436,HP,Notebook,15.6,18488.16
437,Google,Ultrabook,12.3,117162.72
438,Lenovo,Ultrabook,24,126912.96
439,Asus,Notebook,15.6,29783.52
440,Lenovo,Notebook,17.3,27652.32
441,Dell,Notebook,15.6,39906.72
442,Lenovo,Ultrabook,12.5,76137.12
443,Lenovo,Notebook,15.6,18594.72
444,HP,Gaming,15.6,58554.72
445,Dell,Notebook,14,62817.12
446,Acer,Notebook,15.6,23539.104
447,Dell,Workstation,15.6,106187.04
448,MSI,Gaming,15.6,54757.9872
449,Microsoft,Ultrabook,13.5,137941.92
450,HP,Notebook,15.6,31381.92
451,Dell,Workstation,15.6,105228
452,HP,Workstation,15.6,81731.52
453,Lenovo,Notebook,14,71661.6
454,Dell,Notebook,15.6,52161.12
455,Dell,2 in 1 Convertible,11.6,25521.12
456,Dell,Notebook,17.3,109010.88
457,Microsoft,Ultrabook,13.5,52693.92
458,Microsoft,Ultrabook,33.5,95850.72
459,HP,Notebook,17.3,34093.872
460,Acer,Notebook,15.6,28984.32
461,Acer,Notebook,11.6,23176.8
462,Asus,Notebook,15.6,39906.72
463,Lenovo,Notebook,14,42570.72
464,Lenovo,Notebook,15.6,111355.2
465,Asus,Notebook,15.6,16197.12
466,Acer,Notebook,15.6,24988.32
467,Dell,Notebook,15.6,40439.52
468,HP,Gaming,17.3,90522.72
469,Lenovo,Ultrabook,14,98994.24
470,HP,2 in 1 Convertible,13.3,106506.72
471,HP,Notebook,15.6,61485.12
472,Google,Ultrabook,12.3,67932
473,Dell,Ultrabook,13.3,98133.768
474,Asus,Notebook,15.6,69210.72
475,Dell,Notebook,14,39427.2
477,Lenovo,Notebook,14,72673.92
479,Toshiba,Notebook,13.3,89084.16
480,Dell,Notebook,15.6,67239.36
481,Dell,Notebook,15.6,31254.048
482,HP,Notebook,13.3,38681.28
483,Chuwi,Notebook,15.6,13261.392
484,Lenovo,Notebook,15.6,30103.2
485,Lenovo,Notebook,14,55890.72
486,Dell,Workstation,15.6,124568.64
487,Dell,Notebook,15.6,101178.72
488,Lenovo,Ultrabook,12.5,95797.44
489,Asus,Ultrabook,12.5,103896
490,Lenovo,Notebook,15.6,53918.8272
491,Toshiba,Ultrabook,13.3,149130.72
492,Asus,Gaming,15.6,71928
493,Acer,Notebook,15.6,30849.12
494,Asus,Gaming,17.3,67612.32
495,Lenovo,Ultrabook,12.5,58554.72
496,Lenovo,Notebook,15.6,47893.392
497,HP,Notebook,14,93186.72
498,Lenovo,Notebook,13.3,50562.72
499,Lenovo,Notebook,15.6,48538.08
500,Asus,Notebook,11.6,18115.2
501,HP,Notebook,15.6,32979.7872
502,Lenovo,2 in 1 Convertible,13.9,85194.72
503,Lenovo,Notebook,14,15930.72
504,Lenovo,Notebook,11.6,14119.2
505,Lenovo,Notebook,13.3,50562.72
506,Asus,Notebook,15.6,65214.72
507,Acer,Notebook,15.6,32660.64
508,HP,Ultrabook,13.3,70489.44
509,Lenovo,Gaming,15.6,61218.72
510,Dell,Ultrabook,13.3,47898.72
511,Acer,Notebook,15.6,34045.92
512,Dell,Notebook,15.6,44542.08
513,Dell,Notebook,15.6,64961.1072
514,Xiaomi,Notebook,15.6,74589.336
515,Asus,Notebook,11.6,13053.6
516,HP,Notebook,15.6,27783.9216
517,Asus,Gaming,15.6,158135.04
518,HP,Notebook,15.6,47365.92
519,Asus,Gaming,17.3,80133.12
520,Lenovo,Gaming,15.6,74538.72
521,HP,Ultrabook,13.3,74538.72
522,Dell,Notebook,14,68184.0144
523,HP,Notebook,15.6,36709.92
524,Dell,Notebook,17.3,47365.92
525,Lenovo,Notebook,24,71395.2
526,Lenovo,Notebook,15.6,42570.72
527,Lenovo,Notebook,15.6,24455.52
528,Dell,Notebook,15.6,31168.8
529,Dell,Notebook,15.6,73366.56
530,Dell,Gaming,17.3,160520.3856
531,Toshiba,Notebook,15.6,45820.8
532,Asus,Notebook,15.6,69210.72
533,Mediacom,Notebook,13.3,19660.32
534,Asus,Gaming,15.6,87858.72
535,Dell,Notebook,15.6,72940.32
536,Dell,Notebook,15.6,42486.0048
537,HP,Notebook,15.6,21258.1872
538,HP,Gaming,17.3,95850.72
539,Lenovo,Notebook,14,45767.52
540,Dell,Ultrabook,13.3,74538.72
541,Dell,Notebook,14,39207.1536
542,HP,Ultrabook,13.3,61005.6
543,Acer,Gaming,15.6,42517.44
544,Asus,Notebook,15.6,18594.72
545,HP,Notebook,15.6,37589.04
546,Lenovo,Notebook,14,41824.8
547,Lenovo,Notebook,15.6,24634.008
548,HP,Notebook,15.6,21152.16
549,Lenovo,Notebook,15.6,92121.12
550,Lenovo,Notebook,15.6,26586.72
551,Dell,Notebook,15.6,59513.2272
552,Dell,Gaming,17.3,143802.72
553,HP,Notebook,17.3,28992.312
554,HP,Notebook,17.3,68198.4
555,Asus,Notebook,15.6,11934.72
556,Mediacom,Notebook,13.3,13586.4
557,Lenovo,Notebook,17.3,50562.72
558,HP,Notebook,15.6,30310.992
559,Dell,Notebook,15.6,32921.712
560,Acer,2 in 1 Convertible,11.6,18594.72
561,Lenovo,Notebook,15.6,33566.4
562,HP,Ultrabook,13.3,104695.2
563,Lenovo,Notebook,17.3,159786.72
564,Asus,Notebook,15.6,44701.92
565,Dell,Ultrabook,13.3,85194.72
566,Dell,Notebook,15.6,51095.52
568,Lenovo,Notebook,15.6,18328.32
569,Lenovo,Notebook,14,52747.2
570,HP,Workstation,17.3,99153.5472
571,HP,Notebook,14,20725.92
572,HP,Notebook,15.6,34578.72
573,Lenovo,Notebook,15.6,44222.4
574,Lenovo,Notebook,15.6,36496.8
575,Mediacom,Notebook,14,13266.72
576,Toshiba,Ultrabook,14,99367.2
577,Lenovo,Gaming,17.3,141884.64
578,MSI,Gaming,17.3,145401.12
579,Dell,Notebook,15.6,39907.2528
580,Mediacom,Notebook,14,20725.92
581,Dell,Notebook,15.6,53733.9456
582,HP,Notebook,13.3,38308.32
583,Dell,Notebook,15.6,81912.1392
584,Dell,Notebook,11.6,15717.6
585,MSI,Gaming,17.3,125154.72
586,HP,Gaming,17.3,79813.44
587,Lenovo,Ultrabook,14,89137.44
588,Lenovo,Notebook,15.6,32447.52
589,Asus,Gaming,17.3,94305.6
590,Asus,2 in 1 Convertible,15.6,39373.92
591,Lenovo,Notebook,15.6,50562.72
592,Dell,2 in 1 Convertible,31.6,32127.84
593,Samsung,Notebook,15.6,90522.72
594,Lenovo,Notebook,17.3,28185.12
595,Lenovo,Notebook,15.6,24455.52
596,Lenovo,2 in 1 Convertible,13.3,107892
597,Lenovo,Notebook,14,78534.72
598,Dell,2 in 1 Convertible,12.5,88977.6
599,Dell,Workstation,15.6,93932.64
600,HP,Notebook,15.6,64948.32
601,HP,Notebook,15.6,35616.6144
602,Acer,Notebook,14,17529.12
603,MSI,Gaming,17.3,117162.72
604,Dell,Notebook,15.6,24775.2
605,MSI,Gaming,15.6,122490.72
606,Toshiba,Notebook,15.6,74538.72
607,Lenovo,Notebook,15.6,30049.92
608,Lenovo,2 in 1 Convertible,15.6,69210.72
609,Acer,Notebook,14,18594.72
610,Lenovo,Notebook,15.6,261018.72
611,Dell,Gaming,15.6,46833.6528
612,Dell,Notebook,15.6,23650.992
613,Dell,Notebook,15.6,19127.52
614,Dell,Notebook,15.6,46300.32
615,Asus,Gaming,17.3,62231.04
617,HP,Ultrabook,15.6,74005.92
618,MSI,Gaming,15.6,120831.5808
619,Acer,2 in 1 Convertible,11.6,20193.12
620,HP,Notebook,14,59886.72
621,Lenovo,Notebook,14,78055.2
622,Dell,Notebook,15.6,41345.28
623,Fujitsu,Notebook,15.6,42570.72
624,HP,Notebook,15.6,49656.96
626,Mediacom,Notebook,14,12733.92
627,Lenovo,Notebook,15.6,24935.04
628,Asus,2 in 1 Convertible,13.3,34046.4528
630,Asus,Ultrabook,14,101232
631,Dell,Gaming,15.6,78801.12
632,Lenovo,Notebook,15.6,44169.12
633,Lenovo,Notebook,15.6,30849.12
634,Asus,Notebook,15.6,21258.72
635,Asus,Notebook,15.6,48304.7136
636,Dell,Ultrabook,13.3,99580.32
637,Lenovo,Notebook,14,13266.72
638,Lenovo,2 in 1 Convertible,13.3,93635.3376
639,Dell,Notebook,15.6,127818.72
640,Lenovo,Gaming,15.6,59087.52
641,HP,Notebook,17,27753.552
642,Lenovo,Ultrabook,14,130536
643,Asus,Gaming,15.6,62284.32
644,Acer,Notebook,15.6,23976
645,Lenovo,Notebook,14,14598.72
646,Acer,Ultrabook,14,48964.32
647,Razer,Gaming,14,138474.72
648,Toshiba,Notebook,13.3,64628.64
649,Lenovo,Ultrabook,12.5,84395.52
650,Asus,Gaming,17.3,149130.72
651,Acer,Gaming,15.6,37775.52
652,Dell,Ultrabook,13.3,77250.672
653,MSI,Gaming,15.6,63499.104
654,HP,Notebook,15.6,19441.872
655,Toshiba,Notebook,15.6,56689.92
656,Dell,Notebook,15.6,48964.32
657,Dell,Notebook,15.6,60472.8
658,Lenovo,Gaming,15.6,63722.88
659,Dell,Gaming,17.3,167691.8736
660,Dell,Notebook,14,65481.12
661,Lenovo,Notebook,15.6,22324.32
662,Lenovo,Notebook,15.6,28504.8
663,HP,Notebook,15.6,28717.92
664,MSI,Gaming,17.3,79215.1056
665,Toshiba,Notebook,15.6,26533.44
667,HP,Notebook,15.6,39693.6
668,Toshiba,Notebook,15.6,67026.24
669,Acer,Notebook,15.6,21951.36
670,Microsoft,Ultrabook,13.5,99519.048
671,Lenovo,Notebook,15.6,43580.376
672,Lenovo,2 in 1 Convertible,13.3,55091.52
673,Lenovo,Notebook,35.6,18594.72
674,HP,2 in 1 Convertible,14,37242.72
675,MSI,Gaming,15.6,68944.32
676,Asus,Ultrabook,14,60472.8
677,HP,2 in 1 Convertible,11.6,26373.6
678,LG,Ultrabook,15.6,122490.72
679,Acer,Gaming,15.6,69210.72
680,MSI,Gaming,15.6,53168.112
681,Asus,Notebook,15.6,22324.32
682,Dell,Gaming,15.6,109277.28
683,HP,Notebook,17.3,37242.72
684,Lenovo,2 in 1 Convertible,13.3,79866.72
685,Dell,Gaming,15.6,149916.6
686,HP,Notebook,15.6,32639.8608
687,Dell,Notebook,15.6,29073.2976
688,HP,Notebook,17.3,30316.32
689,Lenovo,Notebook,15.6,16943.04
690,Acer,Notebook,14,19980
691,Lenovo,Notebook,14,37242.72
692,HP,Workstation,17.3,101657.7072
693,Lenovo,2 in 1 Convertible,14,137995.2
694,Toshiba,Notebook,13.3,51841.44
695,Acer,Notebook,11.6,14332.32
696,Lenovo,2 in 1 Convertible,14,93186.72
697,Asus,2 in 1 Convertible,12.5,35644.32
698,Toshiba,Ultrabook,13.3,100006.56
700,Dell,Gaming,15.6,43636.32
701,Lenovo,Notebook,15.6,21258.72
702,Lenovo,Notebook,15.6,22857.12
703,Lenovo,Notebook,15.6,33110.856
704,Lenovo,Notebook,15.6,23976
705,Dell,Notebook,15.6,42357.6
706,Acer,2 in 1 Convertible,13.3,53226.72
707,Lenovo,Workstation,15.6,98834.4
708,Lenovo,Notebook,14,63456.48
709,HP,Notebook,17.3,34898.9328
710,Lenovo,Gaming,15.6,66546.72
711,Dell,Notebook,14,58021.92
712,Dell,Notebook,15.6,38681.28
713,Asus,Notebook,14,15877.44
714,Dell,Notebook,15.6,76012.4448
715,Lenovo,Notebook,14,45664.6896
716,Dell,Notebook,15.6,62817.12
717,Lenovo,Notebook,15.6,15877.44
718,Mediacom,Notebook,14,14119.2
719,HP,Notebook,17.3,63936
720,Lenovo,Ultrabook,14,89864.1792
721,HP,2 in 1 Convertible,13.3,44574.048
722,Lenovo,Ultrabook,14,79866.72
723,Dell,Gaming,17.3,194972.832
724,MSI,Gaming,17.3,71847.0144
725,Lenovo,Notebook,15.6,26101.872
727,Dell,2 in 1 Convertible,13.3,34578.72
728,Dell,Notebook,15.6,31409.6256
729,HP,Notebook,15.6,26053.92
730,Acer,Gaming,17.3,103096.8
731,Dell,Notebook,15.6,34578.72
732,HP,Notebook,15.6,34632
733,Acer,Notebook,15.6,29783.52
734,Lenovo,Notebook,13.3,51148.8
735,Lenovo,Notebook,15.6,41505.12
736,HP,Workstation,15.6,128884.32
737,Dell,2 in 1 Convertible,13.3,35111.52
738,MSI,Gaming,15.6,111593.8944
739,Acer,Notebook,15.6,21887.424
740,Dell,Notebook,15.6,64308.96
741,Dell,Notebook,15.6,35431.2
742,Toshiba,Notebook,14,81784.8
743,Lenovo,2 in 1 Convertible,14,53226.72
744,Lenovo,Workstation,15.6,175770.72
745,Acer,Notebook,14,17582.4
746,Samsung,Ultrabook,13.3,87858.72
748,Dell,Notebook,14,60031.1088
749,HP,Workstation,17.3,233845.92
750,Lenovo,Notebook,11.6,25308
751,HP,Notebook,15.6,101232
752,Asus,Notebook,15.6,30849.12
754,Asus,Notebook,15.6,45282.672
755,Lenovo,2 in 1 Convertible,13.3,63882.72
756,HP,Notebook,15.6,58554.72
757,HP,Workstation,15.6,83170.08
758,Dell,Gaming,15.6,152859.7872
759,Acer,Notebook,15.6,31914.72
760,Lenovo,Gaming,15.6,55837.44
761,Dell,Ultrabook,12.5,99047.52
762,Google,Ultrabook,12.3,83063.52
763,Asus,Ultrabook,13.3,60153.12
764,Dell,Notebook,13.3,45234.72
765,Acer,Notebook,13.3,34898.4
766,Asus,Notebook,17.3,25059.7152
767,Dell,Gaming,15.6,58554.72
768,Samsung,Ultrabook,13.3,85194.72
769,Acer,Notebook,15.6,15877.44
770,Dell,Notebook,15.6,62938.0656
771,Samsung,2 in 1 Convertible,15,95850.72
772,Toshiba,Notebook,14,54345.6
773,Dell,Gaming,15.6,58554.72
775,Asus,2 in 1 Convertible,15.6,44701.92
776,Lenovo,Notebook,15.6,126273.6
777,Acer,Notebook,14,33886.08
778,Razer,Gaming,14,154458.72
779,Asus,Notebook,15.6,31003.632
780,Dell,Gaming,17.3,191211.264
781,Asus,Gaming,17.3,125208
782,Toshiba,Ultrabook,14,93985.92
783,Lenovo,Notebook,15.6,17529.12
784,Lenovo,Ultrabook,14,122490.72
785,MSI,Gaming,14,100752.48
786,MSI,Gaming,15.6,58021.92
787,Lenovo,Gaming,15.6,53226.72
788,Acer,Gaming,17.3,122490.72
789,Dell,Gaming,15.6,52480.8
790,Asus,Gaming,15.6,71341.92
791,Vero,Notebook,14,10810.512
792,Lenovo,2 in 1 Convertible,13.3,104961.6
793,Lenovo,2 in 1 Convertible,15.6,51095.52
794,Apple,Ultrabook,12,62071.2
795,Lenovo,2 in 1 Convertible,14,124142.4
796,Asus,Notebook,14,15930.72
797,Dell,Notebook,15.6,43156.8
798,Lenovo,2 in 1 Convertible,13.9,71874.72
799,Dell,Notebook,15.6,39373.92
800,HP,Workstation,15.6,110017.872
801,Asus,Notebook,15.6,58554.72
802,Dell,Ultrabook,13.3,79866.72
803,Dell,Notebook,15.6,93186.72
804,Dell,Notebook,11.6,39640.32
805,HP,Notebook,12.5,74005.92
806,Toshiba,Notebook,15.6,41558.4
807,HP,Notebook,15.6,33513.12
808,Dell,Gaming,15.6,89457.12
809,Lenovo,Notebook,15.6,32447.52
810,HP,Gaming,17.3,93186.72
811,MSI,Gaming,17.3,128671.2
812,Samsung,Ultrabook,13.3,79866.72
813,Dell,Notebook,15.6,51202.08
814,Dell,Notebook,15.6,42081.0768
815,Lenovo,Ultrabook,14,99047.52
816,Razer,Ultrabook,12.5,95850.72
817,HP,Notebook,11.6,20512.8
818,Dell,Gaming,17.3,133467.4656
819,Dell,Notebook,14,40226.4
820,Lenovo,Notebook,15.6,26101.872
821,Toshiba,Ultrabook,14,58075.2
822,Lenovo,Ultrabook,14,133146.72
823,MSI,Gaming,15.6,63882.72
824,Lenovo,Ultrabook,14,99900
825,Toshiba,Notebook,14,26586.72
826,Asus,2 in 1 Convertible,13.3,72354.24
827,Dell,Notebook,14,31168.8
828,Acer,Notebook,11.6,18914.4
829,Acer,Notebook,14,32980.32
830,Razer,Gaming,17.3,292986.72
831,Lenovo,Ultrabook,14,111834.72
832,Asus,Notebook,15.6,27652.32
833,Lenovo,Notebook,14,63190.08
834,Lenovo,Notebook,14,87912
835,Dell,Gaming,15.6,147832.2864
836,Asus,Gaming,17.3,128884.32
837,Toshiba,Notebook,15.6,35644.32
838,Lenovo,Notebook,14,17316
839,Asus,Notebook,15.6,31435.2
840,Asus,Gaming,17.3,95850.72
841,Dell,Gaming,17.3,163723.5792
842,HP,Notebook,17.3,48484.8
843,Dell,Notebook,15.6,38041.3872
844,HP,Ultrabook,14,99633.6
845,Dell,Notebook,15.6,39373.92
846,HP,2 in 1 Convertible,11.6,32767.2
847,Asus,Ultrabook,13.3,54665.28
848,HP,2 in 1 Convertible,13.3,121318.56
849,HP,Ultrabook,14,78215.04
850,HP,Notebook,15.6,15930.72
851,Asus,Gaming,15.6,101178.72
852,Dell,Notebook,17.3,46087.2
853,Lenovo,Ultrabook,14,101391.84
854,Asus,Notebook,15.6,41931.36
855,Dell,Notebook,15.6,50349.6
856,Asus,Notebook,15.6,23922.72
857,HP,2 in 1 Convertible,13.3,136343.52
858,Dell,Notebook,13.3,34578.72
859,Lenovo,Notebook,15.6,24988.32
860,Lenovo,Notebook,15.6,45323.1648
861,HP,Notebook,15.6,71874.72
862,Toshiba,Notebook,13.3,68464.8
863,Lenovo,Gaming,15.6,54185.76
864,Dell,Ultrabook,13.3,119347.2
865,HP,Notebook,15.6,48484.8
866,Toshiba,Ultrabook,13.3,58341.6
867,Lenovo,2 in 1 Convertible,13.3,103896
868,Acer,Notebook,14,48058.56
869,Dell,Workstation,15.6,94731.84
870,Lenovo,Notebook,15.6,56210.4
871,Lenovo,Notebook,15.6,25521.12
872,Toshiba,Notebook,15.6,73952.64
873,Lenovo,Notebook,13.3,39160.8
874,Samsung,Ultrabook,15,98514.72
875,Dell,Ultrabook,12.5,90043.2
876,Asus,Notebook,15.6,21258.1872
877,Xiaomi,Ultrabook,13.3,49816.8
878,Dell,Notebook,15.6,48618
879,HP,Notebook,15.6,44701.92
880,HP,2 in 1 Convertible,13.3,90576
881,HP,2 in 1 Convertible,15.6,36486.144
882,Asus,Notebook,14.1,18541.44
883,Lenovo,Notebook,15.6,35644.32
884,Dell,Notebook,15.6,19660.32
885,HP,2 in 1 Convertible,13.3,95850.72
886,Dell,Notebook,15.6,24279.696
887,Asus,Gaming,17.3,72988.272
888,Acer,Notebook,11.6,15824.16
889,Lenovo,Notebook,17.3,20193.12
890,HP,Notebook,14,67399.2
891,HP,2 in 1 Convertible,13.3,74538.72
892,Samsung,Ultrabook,15,90522.72
893,Lenovo,Ultrabook,14,95850.72
894,MSI,Gaming,17.3,141138.72
895,Toshiba,Notebook,13.3,78588
896,Dell,Gaming,15.6,49497.12
897,HP,Notebook,15.6,47952
898,Dell,Notebook,15.6,32713.92
899,Dell,Notebook,15.6,49816.8
900,Dell,2 in 1 Convertible,13.3,107257.968
901,Asus,Gaming,17.3,68145.12
902,Dell,2 in 1 Convertible,13.3,87858.72
903,Lenovo,Ultrabook,14,109170.72
904,Lenovo,Notebook,15.6,104588.1072
905,LG,Ultrabook,15.6,111834.72
906,HP,Notebook,12.5,79014.24
907,Acer,Notebook,15.6,19127.52
908,Lenovo,Notebook,15.6,42037.92
909,LG,Ultrabook,14,101178.72
910,Dell,Notebook,14,64202.4
911,HP,Ultrabook,12.5,165168
912,Lenovo,Notebook,15.6,42037.92
913,HP,Notebook,15.6,54291.7872
914,Acer,Notebook,15.6,26586.72
915,Lenovo,Notebook,13.3,46939.68
916,HP,Notebook,13.3,51148.8
917,MSI,Gaming,17.3,85194.72
918,Dell,Gaming,15.6,71874.72
919,MSI,Gaming,15.6,59668.8048
920,Dell,Notebook,15.6,36496.2672
921,HP,Ultrabook,15.6,69103.6272
924,Lenovo,2 in 1 Convertible,13.3,97236
925,Dell,Notebook,15.6,38889.072
926,Lenovo,Ultrabook,12.5,87912
927,HP,Notebook,15.6,62071.2
928,Dell,Notebook,15.6,37725.4368
929,HP,Notebook,14,61218.72
930,Lenovo,Notebook,15.6,16463.52
931,HP,Ultrabook,12.5,84129.12
932,HP,Notebook,15.6,15392.592
933,Lenovo,2 in 1 Convertible,13.3,95850.72
934,Toshiba,Notebook,14,58874.4
935,HP,Notebook,12.5,88924.32
936,Dell,Notebook,15.6,29762.208
937,MSI,Gaming,15.6,63882.72
939,Dell,Gaming,17.3,146946.24
940,HP,Gaming,17.3,74538.72
941,Asus,Notebook,17.3,28238.4
942,Acer,Notebook,15.6,32980.32
943,Toshiba,Notebook,15.6,59620.32
944,Lenovo,2 in 1 Convertible,11.3,69210.72
945,Lenovo,Gaming,15.6,53226.72
946,Dell,Ultrabook,12.5,78438.816
947,Lenovo,Notebook,15.6,36496.8
948,Dell,Notebook,17.3,35111.52
949,Acer,Notebook,14,18594.72
950,HP,Workstation,15.6,119826.72
951,Dell,Ultrabook,14,94572
952,Toshiba,Notebook,13.3,77788.8
953,Asus,2 in 1 Convertible,12.5,61751.52
954,Lenovo,Ultrabook,14,79333.3872
955,Dell,Gaming,17.3,168045.12
956,Dell,2 in 1 Convertible,13.3,101178.72
957,HP,2 in 1 Convertible,11.6,41292
958,Dell,Ultrabook,13.3,67559.04
959,Acer,2 in 1 Convertible,11.6,20725.92
960,Toshiba,Notebook,13.3,81784.8
961,Lenovo,Ultrabook,12.5,93772.8
962,Acer,Notebook,15.6,53759.52
963,Toshiba,Ultrabook,12.5,95371.2
964,HP,Notebook,15.6,45101.52
965,Dell,Notebook,15.6,24808.2336
966,Dell,Notebook,15.6,43956
967,HP,Notebook,15.6,36496.8
968,Dell,Gaming,17.3,167778.72
969,Lenovo,Notebook,15.6,37029.6
970,Dell,2 in 1 Convertible,13.3,101178.72
971,Dell,Ultrabook,14,104587.5744
972,Dell,Gaming,17.3,149184
973,Toshiba,Notebook,14,62870.4
974,Asus,Gaming,17.3,109218.672
975,HP,Notebook,15.6,52161.12
976,Lenovo,Notebook,14,53386.56
977,Asus,2 in 1 Convertible,15.6,95850.72
979,Asus,Gaming,17.3,93186.72
980,Dell,2 in 1 Convertible,15.6,69210.72
981,Toshiba,Notebook,13.3,63669.6
982,Lenovo,Notebook,15.6,29250.72
983,Fujitsu,Notebook,15.6,34578.72
984,Toshiba,Notebook,14,48751.2
985,Dell,Notebook,15.6,31914.72
986,HP,Notebook,15.6,42943.68
987,Lenovo,Gaming,15.6,63349.92
988,Dell,Notebook,15.6,39906.72
989,Dell,Notebook,14,59620.32
990,HP,Notebook,12.5,101658.24
991,HP,Notebook,15.6,26586.72
992,Lenovo,Notebook,15.6,14418.6336
993,Lenovo,Notebook,15.6,71874.72
995,Asus,Notebook,13.3,61272
996,HP,Ultrabook,13.3,71874.72
997,Acer,Notebook,15.6,20246.4
998,Asus,Gaming,15.6,95850.72
999,HP,Ultrabook,14,111301.92
1000,Acer,Gaming,15.6,67132.8
1001,HP,Notebook,13.3,63349.92
1002,Dell,Notebook,15.6,29144.16
1003,HP,Notebook,14,41505.12
1004,Toshiba,Notebook,13.3,63669.6
1005,HP,Notebook,14,58607.4672
1006,HP,Notebook,14,64202.4
1007,HP,Ultrabook,14,77202.72
1008,HP,Notebook,14,55904.5728
1009,HP,Notebook,14,36443.52
1010,Dell,Gaming,15.6,50562.72
1011,HP,Ultrabook,12.5,81997.92
1012,HP,Notebook,14,84715.2
1013,HP,Ultrabook,14,100550.5488
1014,HP,Notebook,13.3,42624
1015,Toshiba,Notebook,13.3,64468.8
1016,HP,Notebook,15.6,41025.0672
1017,Lenovo,Notebook,17.3,158135.04
1018,Toshiba,Notebook,14,79387.2
1019,HP,Notebook,14,118761.12
1020,Dell,2 in 1 Convertible,15.6,42410.3472
1021,Toshiba,Ultrabook,13.3,84715.2
1022,HP,Notebook,13.3,61218.72
1023,HP,Notebook,14,63159.7104
1024,Dell,Notebook,15.6,55754.3232
1025,HP,Ultrabook,12.5,83063.52
1026,HP,Notebook,14,63349.92
1027,HP,Notebook,14,56476.8
1028,Dell,Ultrabook,13.3,86526.72
1029,HP,Notebook,17.3,57542.4
1030,HP,Notebook,14,51841.44
1031,Acer,Notebook,15.6,21791.52
1032,MSI,Gaming,17.3,63499.104
1033,HP,Notebook,14,63669.6
1034,HP,Notebook,15.6,65480.5872
1035,HP,Ultrabook,12.5,71874.72
1036,HP,Notebook,15.6,39533.76
1037,Toshiba,Ultrabook,14,91908
1038,Dell,Notebook,15.6,56633.976
1039,HP,Notebook,14,53839.9728
1040,Lenovo,2 in 1 Convertible,15.6,45128.16
1041,Vero,Notebook,14,11231.424
1042,Toshiba,Notebook,15.6,75924
1043,Lenovo,Notebook,15.6,55922.688
1044,HP,Notebook,14,53280
1045,HP,Notebook,15.6,112065.9552
1046,HP,Notebook,14,78268.32
1047,MSI,Gaming,17.3,82351.6992
1048,Lenovo,Gaming,17.3,122010.6672
1049,Asus,Notebook,11.6,15339.312
1050,Lenovo,Notebook,14,139593.6
1051,HP,Notebook,15.6,52161.12
1052,Dell,2 in 1 Convertible,15.6,58288.32
1053,HP,Notebook,15.6,52161.12
1054,Dell,Ultrabook,13.3,120093.12
1055,HP,Notebook,15.6,37570.392
1056,HP,Notebook,15.6,26586.72
1057,Acer,Notebook,15.6,23922.72
1058,Dell,2 in 1 Convertible,13.3,69210.72
1059,MSI,Gaming,15.6,96916.32
1061,Asus,Gaming,17.3,53173.44
1062,Dell,Notebook,15.6,29783.52
1063,Dell,Notebook,15.6,52746.6672
1064,MSI,Gaming,15.6,102777.12
1065,Dell,Ultrabook,13.3,77682.24
1066,Asus,Gaming,17.3,211788
1067,Dell,2 in 1 Convertible,13.3,42517.9728
1068,Dell,Gaming,15.6,70809.12
1069,Apple,Ultrabook,12,69264
1070,Dell,Notebook,15.6,25679.8944
1071,HP,Notebook,15.6,63882.72
1072,HP,Ultrabook,12.5,63882.72
1073,HP,Notebook,13.3,58075.2
1074,Lenovo,Ultrabook,12.5,91294.7472
1075,Lenovo,Notebook,17.3,35111.52
1076,Lenovo,Notebook,15.6,52054.56
1077,MSI,Gaming,17.3,133146.72
1078,Lenovo,Notebook,15.6,28771.2
1079,HP,Notebook,15.6,50083.2
1080,Lenovo,Ultrabook,12.5,74538.72
1081,Lenovo,Gaming,17.3,172627.2
1082,Lenovo,2 in 1 Convertible,10.1,34433.2656
1083,HP,Ultrabook,13.3,109170.72
1084,Dell,Notebook,15.6,39960
1085,HP,Notebook,14,54931.1472
1086,HP,Workstation,15.6,79653.6
1087,Lenovo,Notebook,14,63882.72
1088,HP,Notebook,13.3,32767.2
1089,Acer,Notebook,15.6,20619.36
1090,Dell,Notebook,15.6,20965.1472
1091,HP,Notebook,15.6,18434.3472
1092,Asus,Gaming,17.3,85194.72
1093,Dell,Ultrabook,13.3,43601.688
1094,HP,Notebook,12.5,85194.72
1095,Acer,Notebook,15.6,42570.72
1096,Dell,Notebook,15.6,34035.264
1097,MSI,Gaming,17.3,85194.72
1098,HP,Notebook,15.6,26640
1099,Asus,Gaming,17.3,122490.72
1100,Dell,Ultrabook,12.5,60480.792
1101,Dell,Ultrabook,12.5,62176.1616
1102,Acer,Notebook,15.6,11135.52
1103,HP,Workstation,17.3,154458.72
1104,Lenovo,Gaming,15.6,63882.72
1105,Dell,Ultrabook,12.5,75289.968
1106,MSI,Gaming,17.3,80516.2032
1107,Lenovo,2 in 1 Convertible,15.6,46193.76
1108,HP,Notebook,15.6,21205.44
1109,Asus,Gaming,15.6,71341.92
1110,HP,Notebook,13.3,90522.72
1111,Dell,Notebook,15.6,40980.312
1112,Lenovo,Notebook,15.6,22857.12
1113,HP,Ultrabook,13.3,104908.32
1114,Lenovo,2 in 1 Convertible,10.1,29250.72
1115,Dell,Ultrabook,13.3,73473.12
1116,Lenovo,Gaming,17.3,146519.4672
1117,Razer,Ultrabook,12.5,54825.12
1118,Toshiba,Ultrabook,13.3,118601.28
1119,Asus,Gaming,17.3,69929.4672
1120,Vero,Notebook,13.3,10442.88
1121,HP,Notebook,13.3,90043.2
1122,HP,Notebook,14,80612.64
1123,Dell,Notebook,15.6,27899.0064
1124,Asus,Notebook,15.6,23176.8
1125,Lenovo,2 in 1 Convertible,14,88924.32
1126,Lenovo,2 in 1 Convertible,10.1,25521.12
1127,HP,Ultrabook,12.5,100965.6
1128,Lenovo,Gaming,15.6,52693.92
1129,HP,Gaming,17.3,60153.12
1130,HP,Notebook,15.6,33513.12
1131,Lenovo,2 in 1 Convertible,14,109244.2464
1132,Asus,Notebook,14,14811.84
1133,HP,Ultrabook,15.6,40066.56
1134,Acer,Notebook,15.6,32820.48
1135,Lenovo,Notebook,15.6,58554.72
1136,HP,Workstation,17.3,210424.032
1137,Dell,Notebook,15.6,41771.52
1138,MSI,Gaming,17.3,127818.72
1139,HP,Ultrabook,15.6,115709.2416
1140,Lenovo,2 in 1 Convertible,14,130003.2
1141,MSI,Gaming,15.6,60888.384
1142,HP,2 in 1 Convertible,13.3,86793.12
1143,HP,Workstation,15.6,118761.12
1144,HP,2 in 1 Convertible,13.3,95850.72
1145,HP,Workstation,15.6,101178.72
1146,HP,Ultrabook,12.5,122381.496
1147,Dell,Notebook,15.6,53807.472
1148,HP,Notebook,15.6,84129.12
1149,Lenovo,2 in 1 Convertible,14,124621.92
1150,Lenovo,Notebook,15.6,18061.92
1151,HP,Notebook,15.6,15824.16
1152,Lenovo,Notebook,15.6,31914.72
1153,Dell,Gaming,15.6,63882.72
1154,Dell,Notebook,15.6,119916.2304
1155,HP,Notebook,15.6,25515.2592
1156,MSI,Gaming,17.3,79536.384
1157,Lenovo,Ultrabook,14,122490.72
1158,Lenovo,Notebook,15.6,42010.7472
1159,HP,2 in 1 Convertible,13.3,108744.48
1160,Lenovo,Ultrabook,14,79866.72
1161,MSI,Gaming,14,94252.32
1162,HP,Gaming,15.6,47898.72
1163,Lenovo,Notebook,15.6,24455.52
1164,HP,Notebook,15.6,25414.0272
1165,Dell,Gaming,15.6,79813.44
1166,Lenovo,Notebook,15.6,74059.2
1167,Lenovo,Notebook,15.6,24935.04
1168,HP,Notebook,14,13266.72
1169,MSI,Gaming,15.6,44701.92
1170,HP,Notebook,15.6,36177.12
1171,HP,Notebook,15.6,61751.52
1172,Asus,Notebook,15.6,19660.32
1173,Lenovo,Notebook,15.6,21205.44
1174,Lenovo,Notebook,15.6,37775.52
1175,Asus,Notebook,14,40972.32
1176,Lenovo,Notebook,15.6,43956
1177,Lenovo,Gaming,15.6,69530.4
1178,MSI,Gaming,15.6,114731.5536
1179,HP,Notebook,15.6,34632
1180,Lenovo,2 in 1 Convertible,14,87219.36
1181,Lenovo,Ultrabook,15.6,44275.68
1182,Dell,Notebook,15.6,47686.1328
1183,Acer,Notebook,15.6,17742.24
1184,HP,Notebook,15.6,42570.72
1185,Asus,Gaming,15.6,48431.52
1186,Dell,2 in 1 Convertible,15.6,62817.12
1187,Acer,Notebook,15.6,36816.48
1188,Dell,Ultrabook,13.3,58554.72
1189,Acer,Gaming,17.3,138474.72
1190,Lenovo,Gaming,15.6,43636.32
1191,Samsung,2 in 1 Convertible,12.3,35111.52
1192,HP,Notebook,15.6,25840.8
1193,Apple,Ultrabook,12,61964.64
1194,Dell,2 in 1 Convertible,13.3,63882.72
1195,HP,Notebook,15.6,70702.56
1196,Lenovo,Notebook,15.6,19607.04
1197,Asus,Gaming,17.3,114552
1198,Acer,Notebook,15.6,14492.16
1199,MSI,Gaming,17.3,109165.392
1200,Dell,Notebook,15.6,26586.72
1201,Lenovo,Notebook,15.6,33513.12
1203,Dell,Ultrabook,13.3,142790.4
1204,Asus,Gaming,15.6,62284.32
1205,Dell,Notebook,15.6,47365.92
1206,HP,Notebook,15.6,30849.12
1207,Lenovo,Notebook,15.6,15930.72
1208,Acer,Notebook,17.3,33513.12
1209,Asus,Gaming,15.6,130482.72
1210,Apple,Ultrabook,12,68145.12
1211,Asus,Notebook,15.6,93186.72
1212,MSI,Gaming,17.3,103842.1872
1213,Dell,2 in 1 Convertible,15.6,53226.72
1214,Asus,Gaming,17.3,103842.72
1215,Acer,Notebook,11.6,9270.72
1216,Acer,Notebook,17.3,31861.44
1217,Lenovo,Notebook,17.3,28717.92
1218,Lenovo,Gaming,15.6,67772.16
1219,Acer,2 in 1 Convertible,14,61218.72
1220,Lenovo,Notebook,15.6,81465.12
1221,MSI,Gaming,15.6,78647.1408
1222,HP,Notebook,15.6,28185.12
1223,Dell,Ultrabook,12.5,91288.3536
1224,Dell,2 in 1 Convertible,15,27119.52
1225,Asus,Notebook,15.6,16463.52
1226,Dell,Ultrabook,13.3,78694.56
1227,Dell,Notebook,15.6,27804.7008
1228,Lenovo,Gaming,15.6,54825.12
1229,MSI,Gaming,15.6,61218.72
1230,Lenovo,Notebook,12.5,87912
1231,Razer,Gaming,14,186426.72
1232,Dell,Notebook,15.6,24988.8528
1233,MSI,Gaming,17.3,85141.44
1234,Apple,Ultrabook,11.6,51095.52
1235,HP,Notebook,15.6,25467.84
1236,HP,Ultrabook,14,117119.5632
1237,Dell,Notebook,15.6,39267.36
1238,MSI,Gaming,15.6,62284.32
1239,Lenovo,Notebook,13.3,79866.72
1240,Lenovo,Notebook,15.6,31838.5296
1241,Asus,Ultrabook,13.3,68198.4
1242,Acer,Notebook,15.6,19276.704
1243,Dell,2 in 1 Convertible,17.3,95850.72
1244,HP,Notebook,14,58607.4672
1246,Dell,Notebook,14,46620
1247,Asus,Gaming,15.6,123876
1248,Lenovo,Notebook,15.6,30529.44
1249,Dell,2 in 1 Convertible,13.3,96596.64
1250,Dell,Notebook,15.6,17262.72
1251,HP,Notebook,15.6,21258.72
1252,Lenovo,Notebook,15.6,30316.32
1253,Lenovo,Notebook,14,57116.16
1254,Dell,Notebook,15.6,23655.7872
1255,Asus,Notebook,15.6,18061.92
1256,Asus,Gaming,17.3,101232
1257,Dell,Notebook,15.6,26107.2
1258,Lenovo,Notebook,15.6,47685.6
1259,MSI,Gaming,15.6,65481.12
1260,Lenovo,2 in 1 Convertible,14,44382.7728
1261,Asus,Ultrabook,13.3,38841.12
1262,Dell,Notebook,15.6,24455.52
1263,Acer,Notebook,15.6,15397.92
1264,Dell,Notebook,15.6,20193.12
1265,Lenovo,Notebook,15.6,47898.72
1266,HP,Notebook,15.6,29303.4672
1267,Dell,Notebook,15.6,42943.1472
1268,HP,Notebook,11.6,11135.52
1269,Asus,Notebook,15.6,38378.6496
1270,Lenovo,2 in 1 Convertible,14,33992.64
1271,Lenovo,2 in 1 Convertible,13.3,79866.72
1272,Lenovo,Notebook,14,12201.12
1273,HP,Notebook,15.6,40705.92
1274,Asus,Notebook,15.6,19660.32
1275,Asus,Ultrabook,13.3,38841.12
1276,Dell,Notebook,15.6,24455.52
1277,Acer,Notebook,15.6,15397.92
1278,Dell,Notebook,15.6,20193.12
1279,Lenovo,Notebook,15.6,47898.72
1280,HP,Notebook,15.6,29303.4672
1281,Dell,Notebook,15.6,42943.1472
1282,HP,Notebook,11.6,11135.52
1283,Asus,Notebook,15.6,38378.6496
1284,Lenovo,2 in 1 Convertible,14,33992.64
1285,Lenovo,2 in 1 Convertible,13.3,79866.72
1286,Lenovo,Notebook,14,12201.12
1287,HP,Notebook,15.6,40705.92
1288,Asus,Notebook,15.6,19660.32
1289,Asus,Ultrabook,13.3,38841.12
1290,Dell,Notebook,15.6,24455.52
1291,Acer,Notebook,15.6,15397.92
1292,Dell,Notebook,15.6,20193.12
1293,Lenovo,Notebook,15.6,47898.72
1294,HP,Notebook,15.6,29303.4672
1295,Dell,Notebook,15.6,42943.1472
1296,HP,Notebook,11.6,11135.52
1297,Asus,Notebook,15.6,38378.6496
1298,Lenovo,2 in 1 Convertible,14,33992.64
1299,Lenovo,2 in 1 Convertible,13.3,79866.72
1300,Lenovo,Notebook,14,12201.12
1301,HP,Notebook,15.6,40705.92
1302,Asus,Notebook,15.6,19660.32
